Workbook

Sheet Mechi_Leo
A1: Forebet – Utabiri wa Mpira wa Miguu: 21/10/2026
A2: Chanzo: forebet.com (Football predictions for today). Mechi 42 za mwanzo zilizoonekana kwenye ukurasa (kati ya 225 za leo). Angalia sheet 'Maelezo'.
A4: Tarehe | B4: Saa | C4: Ligi | D4: Nchi/Ligi (kamili) | E4: Timu ya Nyumbani | F4: Timu ya Ugenini | G4: Home Win % | H4: Draw % | I4: Away Win % | J4: Utabiri (1/X/2) | K4: Matokeo Yanayotabiriwa | L4: Wastani wa Magoli | M4: Joto (°F) | N4: Odds 1 (Amer.) | O4: Odds X (Amer.) | P4: Odds 2 (Amer.) | Q4: Odds 1 (Decimal) | R4: Odds X (Decimal) | S4: Odds 2 (Decimal) | T4: Uhakika wa Juu % | U4: Nafasi Nyumbani | V4: Nafasi Ugenini | W4: Trend / Takwimu muhimu
A5: 21/10/2026 | B5: 10:00 | C5: CzU | D5: =IFERROR(VLOOKUP(C5,Maelezo!$A$22:$B$30,2,FALSE()),C5) -> Czech U19 League | E5: Ostrava U19 | F5: Plzen U19 | G5: 25 | H5: 23 | I5: 52 | J5: 2 | K5: 1-3 | L5: 3.12 | M5: 41 | Q5: =IF(N5="","",IF(N5>0,ROUND(N5/100+1,2),ROUND(100/ABS(N5)+1,2))) | R5: =IF(O5="","",IF(O5>0,ROUND(O5/100+1,2),ROUND(100/ABS(O5)+1,2))) | S5: =IF(P5="","",IF(P5>0,ROUND(P5/100+1,2),ROUND(100/ABS(P5)+1,2))) | T5: =MAX(G5:I5) -> 52 | U5: 4 | V5: 6 | W5: Plzen U19 kept clean sheet in last 5 U19 League matches
A6: 21/10/2026 | B6: 10:00 | C6: ThC | D6: =IFERROR(VLOOKUP(C6,Maelezo!$A$22:$B$30,2,FALSE()),C6) -> Thailand (ThC) | E6: KBU FC | F6: Customs United | G6: 31 | H6: 37 | I6: 32 | J6: X | K6: 0-0 | L6: 2.46 | M6: 88 | N6: -125 | O6: 300 | P6: 230 | Q6: =IF(N6="","",IF(N6>0,ROUND(N6/100+1,2),ROUND(100/ABS(N6)+1,2))) -> 1.8 | R6: =IF(O6="","",IF(O6>0,ROUND(O6/100+1,2),ROUND(100/ABS(O6)+1,2))) -> 4 | S6: =IF(P6="","",IF(P6>0,ROUND(P6/100+1,2),ROUND(100/ABS(P6)+1,2))) -> 3.3 | T6: =MAX(G6:I6) -> 37
A7: 21/10/2026 | B7: 10:00 | C7: ThC | D7: =IFERROR(VLOOKUP(C7,Maelezo!$A$22:$B$30,2,FALSE()),C7) -> Thailand (ThC) | E7: Chumphon United | F7: Songkhla FC | G7: 20 | H7: 39 | I7: 41 | J7: 2 | K7: 0-3 | L7: 2.67 | M7: 81 | N7: 750 | O7: 650 | P7: -556 | Q7: =IF(N7="","",IF(N7>0,ROUND(N7/100+1,2),ROUND(100/ABS(N7)+1,2))) -> 8.5 | R7: =IF(O7="","",IF(O7>0,ROUND(O7/100+1,2),ROUND(100/ABS(O7)+1,2))) -> 7.5 | S7: =IF(P7="","",IF(P7>0,ROUND(P7/100+1,2),ROUND(100/ABS(P7)+1,2))) -> 1.18 | T7: =MAX(G7:I7) -> 41
A8: 21/10/2026 | B8: 10:00 | C8: ThC | D8: =IFERROR(VLOOKUP(C8,Maelezo!$A$22:$B$30,2,FALSE()),C8) -> Thailand (ThC) | E8: Dome | F8: Sisaket United | G8: 29 | H8: 35 | I8: 36 | J8: 2 | K8: 0-2 | L8: 2.05 | M8: 88 | N8: -149 | O8: 275 | P8: 400 | Q8: =IF(N8="","",IF(N8>0,ROUND(N8/100+1,2),ROUND(100/ABS(N8)+1,2))) -> 1.67 | R8: =IF(O8="","",IF(O8>0,ROUND(O8/100+1,2),ROUND(100/ABS(O8)+1,2))) -> 3.75 | S8: =IF(P8="","",IF(P8>0,ROUND(P8/100+1,2),ROUND(100/ABS(P8)+1,2))) -> 5 | T8: =MAX(G8:I8) -> 36
A9: 21/10/2026 | B9: 10:00 | C9: RoW | D9: =IFERROR(VLOOKUP(C9,Maelezo!$A$22:$B$30,2,FALSE()),C9) -> Romania Superliga Women | E9: Csikszereda MC W | F9: Gloria Bistrița-Năsăud W | G9: 32 | H9: 27 | I9: 41 | J9: 2 | K9: 3-4 | L9: 4.54 | M9: 59 | N9: -154 | O9: 300 | P9: 280 | Q9: =IF(N9="","",IF(N9>0,ROUND(N9/100+1,2),ROUND(100/ABS(N9)+1,2))) -> 1.65 | R9: =IF(O9="","",IF(O9>0,ROUND(O9/100+1,2),ROUND(100/ABS(O9)+1,2))) -> 4 | S9: =IF(P9="","",IF(P9>0,ROUND(P9/100+1,2),ROUND(100/ABS(P9)+1,2))) -> 3.8 | T9: =MAX(G9:I9) -> 41 | U9: 2 | V9: 1 | W9: Csikszereda won last 4 home matches vs Gloria
A10: 21/10/2026 | B10: 10:00 | C10: RoW | D10: =IFERROR(VLOOKUP(C10,Maelezo!$A$22:$B$30,2,FALSE()),C10) -> Romania Superliga Women | E10: Rapid W | F10: Farul Constanţa W | G10: 17 | H10: 13 | I10: 70 | J10: 2 | K10: 2-6 | L10: 7.5 | M10: 59 | N10: 4000 | O10: 2000 | P10: -5000 | Q10: =IF(N10="","",IF(N10>0,ROUND(N10/100+1,2),ROUND(100/ABS(N10)+1,2))) -> 41 | R10: =IF(O10="","",IF(O10>0,ROUND(O10/100+1,2),ROUND(100/ABS(O10)+1,2))) -> 21 | S10: =IF(P10="","",IF(P10>0,ROUND(P10/100+1,2),ROUND(100/ABS(P10)+1,2))) -> 1.02 | T10: =MAX(G10:I10) -> 70 | U10: 6 | V10: 3 | W10: Farul: over 2.5 goals in last 4 league matches
A11: 21/10/2026 | B11: 10:00 | C11: RoW | D11: =IFERROR(VLOOKUP(C11,Maelezo!$A$22:$B$30,2,FALSE()),C11) -> Romania Superliga Women | E11: Ol. Cluj W | F11: Universitatea Craiova W | G11: 67 | H11: 16 | I11: 17 | J11: 1 | K11: 4-1 | L11: 8.75 | M11: 68 | N11: 155 | O11: 225 | P11: 150 | Q11: =IF(N11="","",IF(N11>0,ROUND(N11/100+1,2),ROUND(100/ABS(N11)+1,2))) -> 2.55 | R11: =IF(O11="","",IF(O11>0,ROUND(O11/100+1,2),ROUND(100/ABS(O11)+1,2))) -> 3.25 | S11: =IF(P11="","",IF(P11>0,ROUND(P11/100+1,2),ROUND(100/ABS(P11)+1,2))) -> 2.5 | T11: =MAX(G11:I11) -> 67 | U11: 5 | V11: 7 | W11: Craiova W lost 3 straight away games (HT & FT)
A12: 21/10/2026 | B12: 10:30 | C12: Id1 | D12: =IFERROR(VLOOKUP(C12,Maelezo!$A$22:$B$30,2,FALSE()),C12) -> Indonesia Liga 1 | E12: Bali United | F12: Pusam Garudayaksa FC | G12: 41 | H12: 34 | I12: 25 | J12: 1 | K12: 2-0 | L12: 2.13 | M12: 93 | N12: -208 | O12: 300 | P12: 400 | Q12: =IF(N12="","",IF(N12>0,ROUND(N12/100+1,2),ROUND(100/ABS(N12)+1,2))) -> 1.48 | R12: =IF(O12="","",IF(O12>0,ROUND(O12/100+1,2),ROUND(100/ABS(O12)+1,2))) -> 4 | S12: =IF(P12="","",IF(P12>0,ROUND(P12/100+1,2),ROUND(100/ABS(P12)+1,2))) -> 5 | T12: =MAX(G12:I12) -> 41 | U12: 7 | V12: 13 | W12: Bali United won HT/FT in last 4 home matches
A13: 21/10/2026 | B13: 11:30 | C13: JpW | D13: =IFERROR(VLOOKUP(C13,Maelezo!$A$22:$B$30,2,FALSE()),C13) -> Japan WE League (Women) | E13: Nojima Stella W | F13: Albirex Niigata W | G13: 25 | H13: 40 | I13: 36 | J13: X | K13: 1-1 | L13: 2.04 | M13: 79 | Q13: =IF(N13="","",IF(N13>0,ROUND(N13/100+1,2),ROUND(100/ABS(N13)+1,2))) | R13: =IF(O13="","",IF(O13>0,ROUND(O13/100+1,2),ROUND(100/ABS(O13)+1,2))) | S13: =IF(P13="","",IF(P13>0,ROUND(P13/100+1,2),ROUND(100/ABS(P13)+1,2))) | T13: =MAX(G13:I13) -> 40 | U13: 10 | V13: 9 | W13: Nojima kept clean sheet in last 3 home matches vs Albirex
A14: 21/10/2026 | B14: 12:00 | C14: Jp1 | D14: =IFERROR(VLOOKUP(C14,Maelezo!$A$22:$B$30,2,FALSE()),C14) -> Japan J1 League | E14: V-Varen Nagasaki | F14: Sanfrecce | G14: 15 | H14: 16 | I14: 69 | J14: 2 | K14: 0-2 | L14: 2.13 | M14: 75 | N14: 500 | O14: 375 | P14: -222 | Q14: =IF(N14="","",IF(N14>0,ROUND(N14/100+1,2),ROUND(100/ABS(N14)+1,2))) -> 6 | R14: =IF(O14="","",IF(O14>0,ROUND(O14/100+1,2),ROUND(100/ABS(O14)+1,2))) -> 4.75 | S14: =IF(P14="","",IF(P14>0,ROUND(P14/100+1,2),ROUND(100/ABS(P14)+1,2))) -> 1.45 | T14: =MAX(G14:I14) -> 69 | U14: 15 | V14: 1 | W14: Sanfrecce unbeaten in 19 of last 21 J1 matches
A15: 21/10/2026 | B15: 12:00 | C15: Jp1 | D15: =IFERROR(VLOOKUP(C15,Maelezo!$A$22:$B$30,2,FALSE()),C15) -> Japan J1 League | E15: Avispa Fukuoka | F15: Gamba Osaka | G15: 40 | H15: 39 | I15: 21 | J15: 1 | K15: 2-0 | L15: 2.48 | M15: 68 | N15: 160 | O15: 225 | P15: 170 | Q15: =IF(N15="","",IF(N15>0,ROUND(N15/100+1,2),ROUND(100/ABS(N15)+1,2))) -> 2.6 | R15: =IF(O15="","",IF(O15>0,ROUND(O15/100+1,2),ROUND(100/ABS(O15)+1,2))) -> 3.25 | S15: =IF(P15="","",IF(P15>0,ROUND(P15/100+1,2),ROUND(100/ABS(P15)+1,2))) -> 2.7 | T15: =MAX(G15:I15) -> 40 | U15: 17 | V15: 18 | W15: Gamba failed to win 6 of last 7 vs Avispa
A16: 21/10/2026 | B16: 12:00 | C16: Jp1 | D16: =IFERROR(VLOOKUP(C16,Maelezo!$A$22:$B$30,2,FALSE()),C16) -> Japan J1 League | E16: Fagiano Okayama | F16: Mito HollyHock | G16: 40 | H16: 35 | I16: 25 | J16: 1 | K16: 2-0 | L16: 2.41 | M16: 73 | N16: -133 | O16: 260 | P16: 350 | Q16: =IF(N16="","",IF(N16>0,ROUND(N16/100+1,2),ROUND(100/ABS(N16)+1,2))) -> 1.75 | R16: =IF(O16="","",IF(O16>0,ROUND(O16/100+1,2),ROUND(100/ABS(O16)+1,2))) -> 3.6 | S16: =IF(P16="","",IF(P16>0,ROUND(P16/100+1,2),ROUND(100/ABS(P16)+1,2))) -> 4.5 | T16: =MAX(G16:I16) -> 40 | U16: 11 | V16: 14 | W16: Mito lost 4 straight J1 matches
A17: 21/10/2026 | B17: 12:00 | C17: Jp1 | D17: =IFERROR(VLOOKUP(C17,Maelezo!$A$22:$B$30,2,FALSE()),C17) -> Japan J1 League | E17: Kyoto Sanga | F17: Kashima Antlers | G17: 24 | H17: 26 | I17: 50 | J17: 2 | K17: 1-2 | L17: 2.94 | M17: 79 | N17: 270 | O17: 260 | P17: -105 | Q17: =IF(N17="","",IF(N17>0,ROUND(N17/100+1,2),ROUND(100/ABS(N17)+1,2))) -> 3.7 | R17: =IF(O17="","",IF(O17>0,ROUND(O17/100+1,2),ROUND(100/ABS(O17)+1,2))) -> 3.6 | S17: =IF(P17="","",IF(P17>0,ROUND(P17/100+1,2),ROUND(100/ABS(P17)+1,2))) -> 1.95 | T17: =MAX(G17:I17) -> 50 | U17: 16 | V17: 6 | W17: Kashima unbeaten in last 6 away vs Kyoto
A18: 21/10/2026 | B18: 12:00 | C18: Jp1 | D18: =IFERROR(VLOOKUP(C18,Maelezo!$A$22:$B$30,2,FALSE()),C18) -> Japan J1 League | E18: Nagoya Grampus | F18: Cerezo Osaka | G18: 42 | H18: 40 | I18: 18 | J18: 1 | K18: 3-1 | L18: 3.5 | M18: 77 | N18: 125 | O18: 250 | P18: 190 | Q18: =IF(N18="","",IF(N18>0,ROUND(N18/100+1,2),ROUND(100/ABS(N18)+1,2))) -> 2.25 | R18: =IF(O18="","",IF(O18>0,ROUND(O18/100+1,2),ROUND(100/ABS(O18)+1,2))) -> 3.5 | S18: =IF(P18="","",IF(P18>0,ROUND(P18/100+1,2),ROUND(100/ABS(P18)+1,2))) -> 2.9 | T18: =MAX(G18:I18) -> 42 | U18: 12 | V18: 13 | W18: Nagoya: over 2.5 goals in last 3 home matches
A19: 21/10/2026 | B19: 12:00 | C19: Jp1 | D19: =IFERROR(VLOOKUP(C19,Maelezo!$A$22:$B$30,2,FALSE()),C19) -> Japan J1 League | E19: Shimizu S-Pulse | F19: Machida Zelvia | G19: 23 | H19: 28 | I19: 49 | J19: 2 | K19: 2-3 | L19: 2.79 | M19: 61 | N19: 260 | O19: 225 | P19: 110 | Q19: =IF(N19="","",IF(N19>0,ROUND(N19/100+1,2),ROUND(100/ABS(N19)+1,2))) -> 3.6 | R19: =IF(O19="","",IF(O19>0,ROUND(O19/100+1,2),ROUND(100/ABS(O19)+1,2))) -> 3.25 | S19: =IF(P19="","",IF(P19>0,ROUND(P19/100+1,2),ROUND(100/ABS(P19)+1,2))) -> 2.1 | T19: =MAX(G19:I19) -> 49 | U19: 10 | V19: 2 | W19: Machida unbeaten at HT in last 15 away matches
A20: 21/10/2026 | B20: 12:00 | C20: Jp1 | D20: =IFERROR(VLOOKUP(C20,Maelezo!$A$22:$B$30,2,FALSE()),C20) -> Japan J1 League | E20: Yokohama Marinos | F20: Tokyo Verdy | G20: 54 | H20: 33 | I20: 13 | J20: 1 | K20: 3-0 | L20: 2.95 | M20: 81 | N20: -118 | O20: 250 | P20: 320 | Q20: =IF(N20="","",IF(N20>0,ROUND(N20/100+1,2),ROUND(100/ABS(N20)+1,2))) -> 1.85 | R20: =IF(O20="","",IF(O20>0,ROUND(O20/100+1,2),ROUND(100/ABS(O20)+1,2))) -> 3.5 | S20: =IF(P20="","",IF(P20>0,ROUND(P20/100+1,2),ROUND(100/ABS(P20)+1,2))) -> 4.2 | T20: =MAX(G20:I20) -> 54 | U20: 8 | V20: 20 | W20: Verdy lost last 3 matches by 2+ goals
A21: 21/10/2026 | B21: 12:00 | C21: Jp1 | D21: =IFERROR(VLOOKUP(C21,Maelezo!$A$22:$B$30,2,FALSE()),C21) -> Japan J1 League | E21: Kawasaki Frontale | F21: Vissel Kobe | G21: 28 | H21: 29 | I21: 43 | J21: 2 | K21: 1-2 | L21: 3.55 | M21: 79 | N21: 130 | O21: 250 | P21: 188 | Q21: =IF(N21="","",IF(N21>0,ROUND(N21/100+1,2),ROUND(100/ABS(N21)+1,2))) -> 2.3 | R21: =IF(O21="","",IF(O21>0,ROUND(O21/100+1,2),ROUND(100/ABS(O21)+1,2))) -> 3.5 | S21: =IF(P21="","",IF(P21>0,ROUND(P21/100+1,2),ROUND(100/ABS(P21)+1,2))) -> 2.88 | T21: =MAX(G21:I21) -> 43 | U21: 7 | V21: 4 | W21: Kawasaki: over 2.5 goals in last 5 home matches
A22: 21/10/2026 | B22: 12:00 | C22: Jp1 | D22: =IFERROR(VLOOKUP(C22,Maelezo!$A$22:$B$30,2,FALSE()),C22) -> Japan J1 League | E22: FC Tokyo | F22: Kashiwa Reysol | G22: 36 | H22: 24 | I22: 40 | J22: 2 | K22: 1-3 | L22: 3.2 | M22: 82 | N22: 110 | O22: 250 | P22: 230 | Q22: =IF(N22="","",IF(N22>0,ROUND(N22/100+1,2),ROUND(100/ABS(N22)+1,2))) -> 2.1 | R22: =IF(O22="","",IF(O22>0,ROUND(O22/100+1,2),ROUND(100/ABS(O22)+1,2))) -> 3.5 | S22: =IF(P22="","",IF(P22>0,ROUND(P22/100+1,2),ROUND(100/ABS(P22)+1,2))) -> 3.3 | T22: =MAX(G22:I22) -> 40 | U22: 3 | V22: 5 | W22: FC Tokyo kept 4 straight home clean sheets
A23: 21/10/2026 | B23: 12:00 | C23: Jp2 | D23: =IFERROR(VLOOKUP(C23,Maelezo!$A$22:$B$30,2,FALSE()),C23) -> Japan J2 League | E23: Tegevajaro Miyazaki | F23: Blaublitz Akita | G23: 35 | H23: 39 | I23: 26 | J23: X | K23: 1-1 | L23: 1.1 | M23: 84 | N23: -105 | O23: 225 | P23: 290 | Q23: =IF(N23="","",IF(N23>0,ROUND(N23/100+1,2),ROUND(100/ABS(N23)+1,2))) -> 1.95 | R23: =IF(O23="","",IF(O23>0,ROUND(O23/100+1,2),ROUND(100/ABS(O23)+1,2))) -> 3.25 | S23: =IF(P23="","",IF(P23>0,ROUND(P23/100+1,2),ROUND(100/ABS(P23)+1,2))) -> 3.9 | T23: =MAX(G23:I23) -> 39 | U23: 10 | V23: 15 | W23: Akita: under 2.5 goals in last 5 away matches
A24: 21/10/2026 | B24: 12:00 | C24: Jp2 | D24: =IFERROR(VLOOKUP(C24,Maelezo!$A$22:$B$30,2,FALSE()),C24) -> Japan J2 League | E24: Tokushima Vortis | F24: Vanraure Hachinohe | G24: 40 | H24: 33 | I24: 27 | J24: 1 | K24: 1-0 | L24: 1.9 | M24: 79 | N24: 100 | O24: 225 | P24: 280 | Q24: =IF(N24="","",IF(N24>0,ROUND(N24/100+1,2),ROUND(100/ABS(N24)+1,2))) -> 2 | R24: =IF(O24="","",IF(O24>0,ROUND(O24/100+1,2),ROUND(100/ABS(O24)+1,2))) -> 3.25 | S24: =IF(P24="","",IF(P24>0,ROUND(P24/100+1,2),ROUND(100/ABS(P24)+1,2))) -> 3.8 | T24: =MAX(G24:I24) -> 40 | U24: 13 | V24: 19 | W24: Hachinohe failed to win 6 of last 7
A25: 21/10/2026 | B25: 12:00 | C25: Jp2 | D25: =IFERROR(VLOOKUP(C25,Maelezo!$A$22:$B$30,2,FALSE()),C25) -> Japan J2 League | E25: Jubilo Iwata | F25: Oita Trinita | G25: 22 | H25: 42 | I25: 36 | J25: X | K25: 1-1 | L25: 2.48 | M25: 79 | N25: -111 | O25: 230 | P25: 300 | Q25: =IF(N25="","",IF(N25>0,ROUND(N25/100+1,2),ROUND(100/ABS(N25)+1,2))) -> 1.9 | R25: =IF(O25="","",IF(O25>0,ROUND(O25/100+1,2),ROUND(100/ABS(O25)+1,2))) -> 3.3 | S25: =IF(P25="","",IF(P25>0,ROUND(P25/100+1,2),ROUND(100/ABS(P25)+1,2))) -> 4 | T25: =MAX(G25:I25) -> 42 | U25: 11 | V25: 7 | W25: Oita unbeaten in last 7 J2 matches
... A38: 21/10/2026 | B38: 12:00 | C38: Jp3 | D38: =IFERROR(VLOOKUP(C38,Maelezo!$A$22:$B$30,2,FALSE()),C38) -> Japan J3 League | E38: Matsumoto Yamaga | F38: Thespakusatsu | G38: 35 | H38: 34 | I38: 31 | J38: 1 | K38: 1-0 | L38: 2.44 | M38: 77 | N38: -125 | O38: 250 | P38: 270 | Q38: =IF(N38="","",IF(N38>0,ROUND(N38/100+1,2),ROUND(100/ABS(N38)+1,2))) -> 1.8 | R38: =IF(O38="","",IF(O38>0,ROUND(O38/100+1,2),ROUND(100/ABS(O38)+1,2))) -> 3.5 | S38: =IF(P38="","",IF(P38>0,ROUND(P38/100+1,2),ROUND(100/ABS(P38)+1,2))) -> 3.7 | T38: =MAX(G38:I38) -> 35 | U38: 16 | V38: 18 | W38: Matsumoto failed to win 9 of last 11
A39: 21/10/2026 | B39: 12:00 | C39: ThC | D39: =IFERROR(VLOOKUP(C39,Maelezo!$A$22:$B$30,2,FALSE()),C39) -> Thailand (ThC) | E39: Banbueng City | F39: Chiangrai United | G39: 41 | H39: 28 | I39: 31 | J39: 1 | K39: 2-1 | L39: 3.3 | M39: 79 | N39: 111 | O39: 252 | P39: 172 | Q39: =IF(N39="","",IF(N39>0,ROUND(N39/100+1,2),ROUND(100/ABS(N39)+1,2))) -> 2.11 | R39: =IF(O39="","",IF(O39>0,ROUND(O39/100+1,2),ROUND(100/ABS(O39)+1,2))) -> 3.52 | S39: =IF(P39="","",IF(P39>0,ROUND(P39/100+1,2),ROUND(100/ABS(P39)+1,2))) -> 2.72 | T39: =MAX(G39:I39) -> 41
A40: 21/10/2026 | B40: 12:00 | C40: ThC | D40: =IFERROR(VLOOKUP(C40,Maelezo!$A$22:$B$30,2,FALSE()),C40) -> Thailand (ThC) | E40: Kasetsart FC | F40: Chanthaburi | G40: 29 | H40: 38 | I40: 33 | J40: X | K40: 2-2 | L40: 2.62 | M40: 84 | N40: 333 | O40: 240 | P40: -143 | Q40: =IF(N40="","",IF(N40>0,ROUND(N40/100+1,2),ROUND(100/ABS(N40)+1,2))) -> 4.33 | R40: =IF(O40="","",IF(O40>0,ROUND(O40/100+1,2),ROUND(100/ABS(O40)+1,2))) -> 3.4 | S40: =IF(P40="","",IF(P40>0,ROUND(P40/100+1,2),ROUND(100/ABS(P40)+1,2))) -> 1.7 | T40: =MAX(G40:I40) -> 38
A41: 21/10/2026 | B41: 12:30 | C41: Jp1 | D41: =IFERROR(VLOOKUP(C41,Maelezo!$A$22:$B$30,2,FALSE()),C41) -> Japan J1 League | E41: Urawa Red Diamonds | F41: JEF United Chiba | G41: 51 | H41: 30 | I41: 19 | J41: 1 | K41: 3-0 | L41: 2.75 | M41: 82 | N41: -149 | O41: 275 | P41: 400 | Q41: =IF(N41="","",IF(N41>0,ROUND(N41/100+1,2),ROUND(100/ABS(N41)+1,2))) -> 1.67 | R41: =IF(O41="","",IF(O41>0,ROUND(O41/100+1,2),ROUND(100/ABS(O41)+1,2))) -> 3.75 | S41: =IF(P41="","",IF(P41>0,ROUND(P41/100+1,2),ROUND(100/ABS(P41)+1,2))) -> 5 | T41: =MAX(G41:I41) -> 51 | U41: 9 | V41: 19 | W41: Urawa unbeaten in last 6 home vs JEF
A42: 21/10/2026 | B42: 13:00 | C42: Az2 | D42: =IFERROR(VLOOKUP(C42,Maelezo!$A$22:$B$30,2,FALSE()),C42) -> Azerbaijan I Liqa | E42: Shahdagh Qusar | F42: Sebail FK | G42: 23 | H42: 38 | I42: 39 | J42: 2 | K42: 2-3 | L42: 3.23 | M42: 73 | N42: 162 | O42: 220 | P42: 140 | Q42: =IF(N42="","",IF(N42>0,ROUND(N42/100+1,2),ROUND(100/ABS(N42)+1,2))) -> 2.62 | R42: =IF(O42="","",IF(O42>0,ROUND(O42/100+1,2),ROUND(100/ABS(O42)+1,2))) -> 3.2 | S42: =IF(P42="","",IF(P42>0,ROUND(P42/100+1,2),ROUND(100/ABS(P42)+1,2))) -> 2.4 | T42: =MAX(G42:I42) -> 39 | U42: 1 | V42: 3 | W42: Shahdagh unbeaten in 19 of last 22
A43: 21/10/2026 | B43: 13:00 | C43: Az2 | D43: =IFERROR(VLOOKUP(C43,Maelezo!$A$22:$B$30,2,FALSE()),C43) -> Azerbaijan I Liqa | E43: Xankəndi FK | F43: Energetik Mingachevir | G43: 42 | H43: 34 | I43: 25 | J43: 1 | K43: 1-0 | L43: 1.13 | M43: 59 | N43: -714 | O43: 600 | P43: 1200 | Q43: =IF(N43="","",IF(N43>0,ROUND(N43/100+1,2),ROUND(100/ABS(N43)+1,2))) -> 1.14 | R43: =IF(O43="","",IF(O43>0,ROUND(O43/100+1,2),ROUND(100/ABS(O43)+1,2))) -> 7 | S43: =IF(P43="","",IF(P43>0,ROUND(P43/100+1,2),ROUND(100/ABS(P43)+1,2))) -> 13 | T43: =MAX(G43:I43) -> 42 | U43: 7 | V43: 9 | W43: Energetik lost last 3 matches by 3 goals
A44: 21/10/2026 | B44: 13:00 | C44: ThC | D44: =IFERROR(VLOOKUP(C44,Maelezo!$A$22:$B$30,2,FALSE()),C44) -> Thailand (ThC) | E44: Phitsanulok FC | F44: Royal Thai Fleet | G44: 44 | H44: 23 | I44: 33 | J44: 1 | K44: 3-1 | L44: 3.2 | M44: 81 | N44: -200 | O44: 350 | P44: 350 | Q44: =IF(N44="","",IF(N44>0,ROUND(N44/100+1,2),ROUND(100/ABS(N44)+1,2))) -> 1.5 | R44: =IF(O44="","",IF(O44>0,ROUND(O44/100+1,2),ROUND(100/ABS(O44)+1,2))) -> 4.5 | S44: =IF(P44="","",IF(P44>0,ROUND(P44/100+1,2),ROUND(100/ABS(P44)+1,2))) -> 4.5 | T44: =MAX(G44:I44) -> 44
A45: 21/10/2026 | B45: 13:00 | C45: ThC | D45: =IFERROR(VLOOKUP(C45,Maelezo!$A$22:$B$30,2,FALSE()),C45) -> Thailand (ThC) | E45: Khon Kaen United | F45: Bangkok Glass | G45: 38 | H45: 32 | I45: 30 | J45: 1 | K45: 1-0 | L45: 2.12 | M45: 88 | N45: 425 | O45: 290 | P45: -200 | Q45: =IF(N45="","",IF(N45>0,ROUND(N45/100+1,2),ROUND(100/ABS(N45)+1,2))) -> 5.25 | R45: =IF(O45="","",IF(O45>0,ROUND(O45/100+1,2),ROUND(100/ABS(O45)+1,2))) -> 3.9 | S45: =IF(P45="","",IF(P45>0,ROUND(P45/100+1,2),ROUND(100/ABS(P45)+1,2))) -> 1.5 | T45: =MAX(G45:I45) -> 38
A46: 21/10/2026 | B46: 13:00 | C46: ThC | D46: =IFERROR(VLOOKUP(C46,Maelezo!$A$22:$B$30,2,FALSE()),C46) -> Thailand (ThC) | E46: Warin Chamrap | F46: Karin United | G46: 48 | H46: 19 | I46: 33 | J46: 1 | K46: 1-0 | L46: 1.82 | N46: -149 | O46: 275 | P46: 400 | Q46: =IF(N46="","",IF(N46>0,ROUND(N46/100+1,2),ROUND(100/ABS(N46)+1,2))) -> 1.67 | R46: =IF(O46="","",IF(O46>0,ROUND(O46/100+1,2),ROUND(100/ABS(O46)+1,2))) -> 3.75 | S46: =IF(P46="","",IF(P46>0,ROUND(P46/100+1,2),ROUND(100/ABS(P46)+1,2))) -> 5 | T46: =MAX(G46:I46) -> 48
D48: Muhtasari
D49: Idadi ya mechi | E49: =COUNTA(E5:E46) -> 42
D50: Utabiri: Home (1) | E50: =COUNTIF(J5:J46,"1") -> 18
D51: Utabiri: Draw (X) | E51: =COUNTIF(J5:J46,"X") -> 10
D52: Utabiri: Away (2) | E52: =COUNTIF(J5:J46,"2") -> 14
D53: Wastani wa magoli (wote) | E53: =ROUND(AVERAGE(L5:L46),2) -> 2.86
D54: Mechi zenye uhakika ≥ 60% | E54: =COUNTIF(T5:T46,">=60") -> 5

Sheet Top_Picks
A1: Mechi zenye uhakika mkubwa (Uhakika wa Juu ≥ 55%) – zimepangwa kwa uhakika
A3: Saa | B3: Ligi | C3: Nyumbani | D3: Ugenini | E3: Utabiri | F3: Uhakika % | G3: Matokeo yanayotabiriwa | H3: Odds ya utabiri (Decimal)
A4: =Mechi_Leo!B32 -> 12:00 | B4: =Mechi_Leo!D32 -> Japan J3 League | C4: =Mechi_Leo!E32 -> Kagoshima United | D4: =Mechi_Leo!F32 -> Kochi United SC | E4: =Mechi_Leo!J32 -> 1 | F4: =Mechi_Leo!T32 -> 81 | G4: =Mechi_Leo!K32 -> 4-0 | H4: =IF(Mechi_Leo!J32="1",Mechi_Leo!Q32,IF(Mechi_Leo!J32="X",Mechi_Leo!R32,Mechi_Leo!S32)) -> 1.53
A5: =Mechi_Leo!B10 -> 10:00 | B5: =Mechi_Leo!D10 -> Romania Superliga Women | C5: =Mechi_Leo!E10 -> Rapid W | D5: =Mechi_Leo!F10 -> Farul Constanţa W | E5: =Mechi_Leo!J10 -> 2 | F5: =Mechi_Leo!T10 -> 70 | G5: =Mechi_Leo!K10 -> 2-6 | H5: =IF(Mechi_Leo!J10="1",Mechi_Leo!Q10,IF(Mechi_Leo!J10="X",Mechi_Leo!R10,Mechi_Leo!S10)) -> 1.02
A6: =Mechi_Leo!B14 -> 12:00 | B6: =Mechi_Leo!D14 -> Japan J1 League | C6: =Mechi_Leo!E14 -> V-Varen Nagasaki | D6: =Mechi_Leo!F14 -> Sanfrecce | E6: =Mechi_Leo!J14 -> 2 | F6: =Mechi_Leo!T14 -> 69 | G6: =Mechi_Leo!K14 -> 0-2 | H6: =IF(Mechi_Leo!J14="1",Mechi_Leo!Q14,IF(Mechi_Leo!J14="X",Mechi_Leo!R14,Mechi_Leo!S14)) -> 1.45
A7: =Mechi_Leo!B11 -> 10:00 | B7: =Mechi_Leo!D11 -> Romania Superliga Women | C7: =Mechi_Leo!E11 -> Ol. Cluj W | D7: =Mechi_Leo!F11 -> Universitatea Craiova W | E7: =Mechi_Leo!J11 -> 1 | F7: =Mechi_Leo!T11 -> 67 | G7: =Mechi_Leo!K11 -> 4-1 | H7: =IF(Mechi_Leo!J11="1",Mechi_Leo!Q11,IF(Mechi_Leo!J11="X",Mechi_Leo!R11,Mechi_Leo!S11)) -> 2.55
A8: =Mechi_Leo!B26 -> 12:00 | B8: =Mechi_Leo!D26 -> Japan J2 League | C8: =Mechi_Leo!E26 -> Albirex Niigata | D8: =Mechi_Leo!F26 -> Sagan Tosu | E8: =Mechi_Leo!J26 -> 1 | F8: =Mechi_Leo!T26 -> 60 | G8: =Mechi_Leo!K26 -> 1-0 | H8: =IF(Mechi_Leo!J26="1",Mechi_Leo!Q26,IF(Mechi_Leo!J26="X",Mechi_Leo!R26,Mechi_Leo!S26)) -> 3.5

Sheet Maelezo
A1: Kuhusu Forebet
A2: Website: https://www.forebet.com – jukwaa huru la data na utabiri wa mpira linalotumia modeli za kihesabu na takwimu za historia (tangu 2009, ligi 850+).
A3: Ukurasa uliotumika: /en/football-tips-and-predictions-for-today (utabiri wa leo, 1X2). Jumla ya mechi za leo kwa mujibu wa site: 225; zilizopatikana hapa: 42.
A4: Sehemu nyingine muhimu kwenye site: Under/Over 2.5, BTTS, Half Time, HT/FT, Double Chance, Asian Handicap, Goalscorers, Corners, Cards, Values, Trends, Injured players, Team Comparison, Livescore, Lists (Africa n.k.).
A6: Maana ya safu
A7: Home Win % / Draw % / Away Win %: uwezekano uliokadiriwa na Forebet wa kila matokeo (jumla ni takriban 100; baadhi ni 99 au 101 kwa sababu ya rounding ya site).
A8: Utabiri (1/X/2): 1 = nyumbani ashinde, X = sare, 2 = ugenini ashinde.
A9: Odds: site ilionyesha odds kwa muundo wa American (+/-). Safu za Decimal zimekokotolewa kwa formula. Baadhi ya mechi hazina odds (tupu).
A10: Uhakika wa Juu %: asilimia kubwa kati ya tatu (formula). Kijani ≥ 60%, njano 50–59%.
A11: Nafasi Nyumbani/Ugenini: nafasi ya timu kwenye msimamo wa ligi (inapopatikana).
A12: Saa: kama zilivyoonyeshwa kwenye site (kwa timezone ya ukurasa; kwa kawaida ni ya mtumiaji, Tanzania UTC+3).
A14: Tahadhari
... A18: Misimbo ya ligi (Ligi)
A22: CzU | B22: Czech U19 League
A23: ThC | B23: Thailand (ThC)
A24: RoW | B24: Romania Superliga Women
A25: Id1 | B25: Indonesia Liga 1
A26: JpW | B26: Japan WE League (Women)
A27: Jp1 | B27: Japan J1 League
A28: Jp2 | B28: Japan J2 League
A29: Jp3 | B29: Japan J3 League
A30: Az2 | B30: Azerbaijan I Liqa
